{"initial_reset_timestamp": 1e-07, "timestamps": [11.3174152, 14.6995896, 16.7657198, 18.6481995, 20.497763], "episode_lengths": [110, 98, 120, 113, 111], "episode_rewards": [-219.38209100066962, -252.38672123342135, -285.13251852330234, -111.60207093448429, -133.65563234923843], "episode_types": ["t", "t", "t", "t", "t"]}