{"initial_reset_timestamp": 3e-07, "timestamps": [21.4418512, 22.6415664, 23.9913032, 25.1739499, 27.1066593], "episode_lengths": [74, 70, 81, 71, 116], "episode_rewards": [-104.8455044225471, -82.87020856805813, -137.84296588097936, -119.9247470139858, -165.47123701817372], "episode_types": ["t", "t", "t", "t", "t", "t"]}